Div,Date,HomeTeam,AwayTeam,FTHG,FTAG,FTR,HTHG,HTAG,HTR,Referee,HS,AS,HST,AST,HF,AF,HC,AC,HY,AY,HR,AR,HTFGM,ATFGM,FGM
E0,15/08/09,Aston Villa,Wigan,0,2,A,0,1,A,M Clattenburg,11,14,5,7,15,14,4,6,2,2,0,0,0,31,31
E0,15/08/09,Blackburn,Man City,0,2,A,0,1,A,M Dean,17,8,9,5,12,9,5,4,2,1,0,0,0,3,3
E0,15/08/09,Bolton,Sunderland,0,1,A,0,1,A,A Marriner,11,20,3,13,16,10,4,7,2,1,0,0,0,5,5
E0,15/08/09,Chelsea,Hull,2,1,H,1,1,D,A Wiley,26,7,12,3,13,15,12,4,1,2,0,0,37,28,28
E0,15/08/09,Everton,Arsenal,1,6,A,0,3,A,M Halsey,8,15,5,9,11,13,4,9,0,0,0,0,90,26,26
E0,15/08/09,Portsmouth,Fulham,0,1,A,0,1,A,M Atkinson,16,9,4,3,11,18,6,4,3,2,0,0,0,14,14
E0,15/08/09,Stoke,Burnley,2,0,H,2,0,H,S Bennett,12,9,5,5,15,10,3,6,2,2,0,0,19,0,19
E0,15/08/09,Wolves,West Ham,0,2,A,0,1,A,C Foy,19,16,11,13,9,5,8,6,0,0,0,0,0,22,22
E0,16/08/09,Man United,Birmingham,1,0,H,1,0,H,L Mason,26,6,17,4,13,7,13,2,1,1,0,0,34,0,34
E0,16/08/09,Tottenham,Liverpool,2,1,H,1,0,H,P Dowd,17,6,11,3,14,16,6,5,3,3,0,0,44,56,44
E0,18/08/09,Sunderland,Chelsea,1,3,A,1,0,H,S Bennett,4,20,3,9,14,10,1,14,2,2,0,0,18,52,18
E0,18/08/09,Wigan,Wolves,0,1,A,0,1,A,M Jones,18,9,5,3,8,21,4,4,0,3,0,0,0,6,6
E0,19/08/09,Birmingham,Portsmouth,1,0,H,0,0,D,L Probert,9,9,5,4,11,20,4,5,0,5,0,0,90,0,90
E0,19/08/09,Burnley,Man United,1,0,H,1,0,H,A Wiley,8,18,2,9,8,12,1,12,2,1,0,0,19,0,19
E0,19/08/09,Hull,Tottenham,1,5,A,1,3,A,C Foy,9,18,7,12,23,13,6,5,3,2,0,0,25,10,10
E0,19/08/09,Liverpool,Stoke,4,0,H,2,0,H,P Walton,18,6,13,3,10,9,11,5,0,1,0,0,4,0,4
E0,22/08/09,Arsenal,Portsmouth,4,1,H,2,1,H,S Bennett,19,9,16,4,9,10,8,4,1,0,0,0,18,37,18
E0,22/08/09,Hull,Bolton,1,0,H,0,0,D,M Jones,12,20,5,10,19,19,4,12,3,2,0,0,61,0,61
E0,22/08/09,Man City,Wolves,1,0,H,1,0,H,L Mason,16,10,11,2,7,11,5,6,0,1,0,0,17,0,17
E0,22/08/09,Sunderland,Blackburn,2,1,H,1,1,D,A Wiley,8,18,5,5,12,14,0,10,2,1,0,0,32,0,0
E0,22/08/09,Wigan,Man United,0,5,A,0,0,D,H Webb,16,16,7,13,11,8,3,5,2,2,0,0,0,56,56
E0,23/08/09,Burnley,Everton,1,0,H,1,0,H,P Dowd,8,17,4,11,11,13,3,7,1,0,0,0,34,0,34
E0,23/08/09,Fulham,Chelsea,0,2,A,0,1,A,A Marriner,4,12,1,4,11,10,4,7,0,0,0,0,0,39,39
E0,23/08/09,West Ham,Tottenham,1,2,A,0,0,D,M Clattenburg,17,17,8,10,13,11,4,8,2,1,0,0,49,54,49
E0,24/08/09,Liverpool,Aston Villa,1,3,A,0,2,A,M Atkinson,21,7,12,4,15,11,10,4,3,2,0,0,72,34,34
E0,29/08/09,Bolton,Liverpool,2,3,A,1,1,D,A Wiley,8,26,5,14,14,7,5,11,3,1,1,0,33,41,33
E0,29/08/09,Chelsea,Burnley,3,0,H,1,0,H,M Clattenburg,27,3,17,0,7,5,10,1,0,1,0,0,45,0,45
E0,29/08/09,Man United,Arsenal,2,1,H,0,1,A,M Dean,10,9,4,3,21,15,6,5,3,6,0,0,59,40,40
E0,29/08/09,Stoke,Sunderland,1,0,H,1,0,H,M Jones,13,9,7,6,9,8,10,10,0,2,0,0,43,0,43
E0,29/08/09,Tottenham,Birmingham,2,1,H,0,0,D,P Walton,20,11,14,6,12,10,7,3,2,2,0,0,72,75,72
E0,29/08/09,Wolves,Hull,1,1,D,0,1,A,S Attwell,24,5,17,4,11,15,8,2,0,2,0,0,46,3,3
E0,30/08/09,Aston Villa,Fulham,2,0,H,1,0,H,S Bennett,9,6,4,3,9,9,9,4,1,2,0,0,3,0,3
E0,30/08/09,Everton,Wigan,2,1,H,0,0,D,L Probert,26,12,14,7,11,24,12,5,1,5,0,0,62,57,57
E0,30/08/09,Portsmouth,Man City,0,1,A,0,1,A,H Webb,11,12,6,8,12,7,3,11,2,1,0,0,0,30,30
E0,09/12/2009,Blackburn,Wolves,3,1,H,1,0,H,S Bennett,13,9,10,5,13,16,10,6,1,2,0,0,49,88,49
E0,09/12/2009,Liverpool,Burnley,4,0,H,2,0,H,L Mason,27,6,16,3,8,10,7,5,0,2,0,0,27,0,27
E0,09/12/2009,Man City,Arsenal,4,2,H,1,0,H,M Clattenburg,10,19,6,9,13,12,3,12,3,2,0,0,20,63,20
E0,09/12/2009,Portsmouth,Bolton,2,3,A,1,2,A,C Foy,21,14,11,6,17,17,7,5,2,0,0,0,52,13,13
E0,09/12/2009,Stoke,Chelsea,1,2,A,1,1,D,M Dean,4,18,2,10,13,11,4,14,3,3,0,0,32,45,32
E0,09/12/2009,Sunderland,Hull,4,1,H,1,1,D,M Atkinson,7,6,4,5,18,15,7,8,2,2,0,0,13,44,13
E0,09/12/2009,Tottenham,Man United,1,3,A,1,2,A,A Marriner,11,17,7,13,16,13,3,9,3,2,0,1,1,25,1
E0,09/12/2009,Wigan,West Ham,1,0,H,0,0,D,A Wiley,12,12,6,5,13,11,6,7,2,1,0,0,56,0,56
E0,13/09/09,Birmingham,Aston Villa,0,1,A,0,0,D,H Webb,11,12,7,5,10,20,7,1,1,2,0,0,0,85,85
E0,13/09/09,Fulham,Everton,2,1,H,0,1,A,P Walton,14,6,8,6,6,10,5,3,1,0,0,0,57,33,33
E0,19/09/09,Arsenal,Wigan,4,0,H,1,0,H,M Jones,23,8,11,5,6,18,6,4,2,2,0,0,24,0,24
E0,19/09/09,Aston Villa,Portsmouth,2,0,H,2,0,H,S Attwell,7,17,5,12,17,12,7,5,2,0,0,0,34,0,34
E0,19/09/09,Bolton,Stoke,1,1,D,0,0,D,M Clattenburg,11,10,5,6,6,11,4,6,2,2,0,0,89,53,53
E0,19/09/09,Burnley,Sunderland,3,1,H,1,1,D,C Foy,10,8,3,5,4,15,4,4,0,3,0,0,13,39,13
E0,19/09/09,Hull,Birmingham,0,1,A,0,0,D,P Dowd,16,14,11,9,15,13,10,8,0,2,0,0,0,75,75
E0,19/09/09,West Ham,Liverpool,2,3,A,2,2,D,A Marriner,8,19,5,15,13,17,4,4,3,3,0,0,29,20,20
E0,20/09/09,Chelsea,Tottenham,3,0,H,1,0,H,H Webb,25,9,15,4,7,9,11,3,0,2,0,0,32,0,32
E0,20/09/09,Everton,Blackburn,3,0,H,1,0,H,L Mason,18,7,11,4,15,18,6,2,1,2,0,0,22,0,22
E0,20/09/09,Man United,Man City,4,3,H,1,1,D,M Atkinson,21,10,11,6,15,14,11,1,2,2,0,0,2,16,2
E0,20/09/09,Wolves,Fulham,2,1,H,1,0,H,K Friend,12,3,4,1,14,11,3,3,1,1,0,0,18,66,18
E0,26/09/09,Birmingham,Bolton,1,2,A,0,1,A,S Bennett,12,10,6,4,9,17,8,4,2,1,0,0,84,10,10
E0,26/09/09,Blackburn,Aston Villa,2,1,H,1,1,D,M Clattenburg,15,10,7,5,14,11,6,5,2,3,1,0,24,3,3
E0,26/09/09,Fulham,Arsenal,0,1,A,0,0,D,M Atkinson,18,14,12,4,14,11,4,6,4,0,0,0,0,52,52
E0,26/09/09,Liverpool,Hull,6,1,H,2,1,H,P Walton,22,7,14,3,10,3,13,2,1,4,0,0,12,15,12
E0,26/09/09,Portsmouth,Everton,0,1,A,0,1,A,A Wiley,16,12,12,8,14,17,5,6,0,3,0,0,0,42,42
E0,26/09/09,Stoke,Man United,0,2,A,0,0,D,H Webb,2,13,1,7,9,8,2,7,1,1,0,0,0,62,62
E0,26/09/09,Tottenham,Burnley,5,0,H,2,0,H,M Dean,18,10,12,7,10,14,2,7,1,1,0,0,18,0,18
E0,26/09/09,Wigan,Chelsea,3,1,H,1,0,H,P Dowd,15,14,9,8,11,11,4,7,1,2,0,1,16,47,16
E0,27/09/09,Sunderland,Wolves,5,2,H,1,0,H,L Mason,10,15,8,11,18,11,7,8,1,3,0,0,9,50,9
E0,28/09/09,Man City,West Ham,3,1,H,2,1,H,C Foy,20,12,12,8,18,14,11,5,1,1,0,0,5,24,5
E0,10/03/2009,Bolton,Tottenham,2,2,D,1,1,D,M Jones,12,17,9,9,15,16,5,6,2,1,0,0,4,34,4
E0,10/03/2009,Burnley,Birmingham,2,1,H,0,0,D,K Friend,15,10,13,6,17,11,8,4,0,3,0,0,53,90,53
E0,10/03/2009,Hull,Wigan,2,1,H,0,0,D,M Clattenburg,11,13,6,5,14,8,4,2,0,2,0,0,59,86,59
E0,10/03/2009,Man United,Sunderland,2,2,D,0,1,A,A Wiley,17,4,9,3,11,15,14,1,2,3,0,1,51,7,7
E0,10/03/2009,Wolves,Portsmouth,0,1,A,0,1,A,H Webb,11,12,5,8,8,12,8,6,1,2,0,0,0,19,19
E0,10/04/2009,Arsenal,Blackburn,6,2,H,3,2,H,P Walton,24,7,18,7,9,10,8,1,1,1,0,0,17,4,4
E0,10/04/2009,Chelsea,Liverpool,2,0,H,0,0,D,M Atkinson,12,12,8,3,14,17,5,8,1,1,0,0,60,0,60
E0,10/04/2009,Everton,Stoke,1,1,D,0,0,D,A Marriner,24,8,17,6,5,15,11,4,1,3,0,0,55,50,50
E0,10/04/2009,West Ham,Fulham,2,2,D,1,0,H,P Dowd,20,10,10,6,12,9,8,4,3,2,0,1,16,47,16
E0,10/05/2009,Aston Villa,Man City,1,1,D,1,0,H,M Dean,12,9,6,7,10,8,6,6,1,2,0,0,15,67,15
E0,17/10/09,Arsenal,Birmingham,3,1,H,2,1,H,L Probert,20,3,12,2,8,16,7,3,1,2,0,0,16,38,16
E0,17/10/09,Aston Villa,Chelsea,2,1,H,1,1,D,K Friend,7,21,5,13,19,13,6,9,2,1,0,0,32,15,15
E0,17/10/09,Everton,Wolves,1,1,D,0,0,D,S Attwell,13,12,5,6,6,15,6,5,1,3,0,1,88,76,76
E0,17/10/09,Man United,Bolton,2,1,H,2,0,H,M Clattenburg,13,15,7,7,15,8,13,1,0,1,0,0,5,75,5
E0,17/10/09,Portsmouth,Tottenham,1,2,A,0,2,A,P Dowd,23,9,13,4,14,13,10,9,3,3,1,1,59,29,29
E0,17/10/09,Stoke,West Ham,2,1,H,1,1,D,M Atkinson,11,12,4,11,16,13,5,6,3,3,0,0,11,34,11
E0,17/10/09,Sunderland,Liverpool,1,0,H,1,0,H,M Jones,13,15,7,6,20,17,1,7,2,1,0,0,5,0,5
E0,18/10/09,Blackburn,Burnley,3,2,H,3,1,H,C Foy,12,9,6,5,18,14,3,2,3,3,0,0,9,5,5
E0,18/10/09,Wigan,Man City,1,1,D,1,0,H,A Wiley,13,5,7,4,15,11,6,6,2,1,0,1,45,47,45
E0,19/10/09,Fulham,Hull,2,0,H,1,0,H,A Marriner,17,5,11,2,13,15,7,4,1,1,0,0,43,0,43
E0,24/10/09,Birmingham,Sunderland,2,1,H,1,0,H,M Atkinson,19,14,13,6,9,14,6,8,3,1,0,0,37,82,37
E0,24/10/09,Burnley,Wigan,1,3,A,1,1,D,L Mason,12,13,9,8,12,11,7,4,2,0,0,0,4,11,4
E0,24/10/09,Chelsea,Blackburn,5,0,H,1,0,H,A Wiley,26,5,15,2,8,10,8,0,0,1,0,0,20,0,20
E0,24/10/09,Tottenham,Stoke,0,1,A,0,0,D,L Probert,22,8,12,2,8,18,7,1,0,3,0,0,0,16,16
E0,24/10/09,Wolves,Aston Villa,1,1,D,0,0,D,P Walton,8,12,4,8,10,16,8,3,1,2,0,0,83,79,79
E0,25/10/09,Bolton,Everton,3,2,H,2,1,H,P Dowd,12,17,8,12,14,15,4,4,3,1,0,0,16,32,16
E0,25/10/09,Liverpool,Man United,2,0,H,0,0,D,A Marriner,11,7,6,5,20,11,5,1,2,3,1,1,65,0,65
E0,25/10/09,Man City,Fulham,2,2,D,0,0,D,K Friend,20,11,7,5,11,12,14,2,0,2,0,0,53,62,53
E0,25/10/09,West Ham,Arsenal,2,2,D,0,2,A,C Foy,15,15,9,10,17,15,6,8,3,2,1,0,74,16,16
E0,31/10/09,Arsenal,Tottenham,3,0,H,2,0,H,M Clattenburg,18,7,12,5,10,10,6,2,1,1,0,0,42,0,42
E0,31/10/09,Bolton,Chelsea,0,4,A,0,1,A,P Walton,15,27,6,17,9,7,8,10,1,1,1,0,0,45,45
E0,31/10/09,Burnley,Hull,2,0,H,1,0,H,M Jones,11,8,5,6,12,13,8,1,1,4,0,1,20,0,20
E0,31/10/09,Everton,Aston Villa,1,1,D,1,0,H,L Probert,9,13,4,8,15,16,3,4,1,3,1,1,45,47,45
E0,31/10/09,Fulham,Liverpool,3,1,H,1,1,D,L Mason,10,6,6,3,10,13,2,2,1,0,0,2,24,42,24
E0,31/10/09,Man United,Blackburn,2,0,H,0,0,D,P Dowd,20,2,11,1,10,21,7,2,0,2,0,0,35,0,35
E0,31/10/09,Portsmouth,Wigan,4,0,H,2,0,H,A Wiley,21,8,11,3,11,10,7,4,0,1,0,0,35,0,35
E0,31/10/09,Stoke,Wolves,2,2,D,2,0,H,C Foy,10,11,5,7,13,15,4,3,0,3,0,0,17,47,17
E0,31/10/09,Sunderland,West Ham,2,2,D,1,2,A,A Marriner,17,15,7,9,12,16,7,3,3,3,1,1,39,30,30
E0,11/04/2009,West Ham,Aston Villa,2,1,H,1,0,H,S Bennett,14,13,7,10,11,12,6,14,2,4,0,1,45,52,45
E0,11/07/2009,Aston Villa,Bolton,5,1,H,2,1,H,M Clattenburg,19,13,13,9,17,16,8,1,1,4,0,0,5,45,5
E0,11/07/2009,Blackburn,Portsmouth,3,1,H,0,1,A,A Marriner,10,9,6,3,12,18,8,5,3,3,0,0,53,15,15
E0,11/07/2009,Man City,Burnley,3,3,D,1,2,A,S Attwell,13,6,8,4,10,11,8,3,1,3,0,0,43,19,19
E0,11/07/2009,Tottenham,Sunderland,2,0,H,1,0,H,K Friend,10,14,8,6,10,19,4,4,1,2,0,0,12,0,12
E0,11/07/2009,Wolves,Arsenal,1,4,A,0,3,A,St Bennett,8,11,6,6,9,15,4,4,2,3,0,0,89,28,28
E0,11/08/2009,Chelsea,Man United,1,0,H,0,0,D,Mn Atkinson,12,21,9,10,13,15,0,7,3,3,0,0,76,0,76
E0,11/08/2009,Hull,Stoke,2,1,H,0,1,A,M Dean,16,7,8,4,12,14,4,2,1,4,0,1,62,29,29
E0,11/08/2009,West Ham,Everton,1,2,A,0,1,A,A Wiley,16,9,7,6,12,18,5,4,0,5,0,0,65,27,27
E0,11/08/2009,Wigan,Fulham,1,1,D,1,1,D,P Dowd,19,7,12,3,15,16,10,6,2,1,0,0,14,39,14
E0,11/09/2009,Liverpool,Birmingham,2,2,D,1,2,A,P Walton,27,5,14,2,7,9,11,1,1,2,0,0,13,26,13
E0,21/11/09,Birmingham,Fulham,1,0,H,1,0,H,C Foy,3,12,2,5,7,9,0,7,1,0,0,0,16,0,16
E0,21/11/09,Burnley,Aston Villa,1,1,D,1,0,H,H Webb,11,10,6,6,6,12,6,8,0,3,0,0,9,86,9
E0,21/11/09,Chelsea,Wolves,4,0,H,3,0,H,L Mason,23,4,14,3,4,14,5,6,0,2,0,0,5,0,5
E0,21/11/09,Hull,West Ham,3,3,D,3,2,H,M Clattenburg,12,16,8,10,9,17,5,3,0,4,1,0,27,5,5
E0,21/11/09,Liverpool,Man City,2,2,D,0,0,D,P Dowd,10,9,6,6,9,13,7,3,2,0,0,0,50,69,50
E0,21/11/09,Man United,Everton,3,0,H,1,0,H,S Bennett,18,11,11,5,4,6,13,4,2,2,0,0,35,0,35
E0,21/11/09,Sunderland,Arsenal,1,0,H,0,0,D,A Wiley,5,9,1,3,10,10,2,6,2,1,0,0,71,0,71
E0,22/11/09,Bolton,Blackburn,0,2,A,0,1,A,M Dean,15,15,8,11,13,12,7,7,3,1,0,0,0,32,32
E0,22/11/09,Stoke,Portsmouth,1,0,H,0,0,D,K Friend,9,14,3,7,15,13,4,4,1,2,0,0,74,0,74
E0,22/11/09,Tottenham,Wigan,9,1,H,1,0,H,P Walton,28,11,16,5,9,11,10,5,1,0,0,0,9,57,9
E0,25/11/09,Fulham,Blackburn,3,0,H,1,0,H,S Attwell,8,7,4,3,7,13,3,3,0,0,0,0,43,0,43
E0,25/11/09,Hull,Everton,3,2,H,3,0,H,M Atkinson,8,5,7,3,18,23,3,4,1,4,0,0,9,49,9
E0,28/11/09,Aston Villa,Tottenham,1,1,D,1,0,H,P Dowd,12,23,4,17,10,8,7,9,0,1,0,0,10,77,10
E0,28/11/09,Fulham,Bolton,1,1,D,0,1,A,S Bennett,12,4,7,2,7,21,8,5,1,6,0,0,75,35,35
E0,28/11/09,Man City,Hull,1,1,D,1,0,H,L Probert,17,8,7,3,14,12,8,2,1,3,0,0,45,82,45
E0,28/11/09,Portsmouth,Man United,1,4,A,1,1,D,M Dean,20,12,12,8,16,10,4,8,4,3,0,0,32,25,25
E0,28/11/09,West Ham,Burnley,5,3,H,3,0,H,C Foy,9,16,5,10,10,15,1,7,2,1,0,1,18,68,18
E0,28/11/09,Wigan,Sunderland,1,0,H,0,0,D,Mn Atkinson,16,9,10,4,12,14,5,8,0,3,0,0,76,0,76
E0,29/11/09,Arsenal,Chelsea,0,3,A,0,2,A,A Marriner,5,7,3,5,17,12,4,3,2,2,0,0,0,41,41
E0,29/11/09,Everton,Liverpool,0,2,A,0,1,A,A Wiley,12,9,8,7,15,12,6,4,1,0,0,0,0,12,12
E0,29/11/09,Wolves,Birmingham,0,1,A,0,1,A,M Clattenburg,8,13,2,7,14,8,6,5,2,1,0,0,0,3,3
E0,12/05/2009,Arsenal,Stoke,2,0,H,1,0,H,M Clattenburg,12,5,8,4,3,7,10,2,0,0,0,0,26,0,26
E0,12/05/2009,Aston Villa,Hull,3,0,H,2,0,H,S Attwell,13,5,6,1,15,15,9,3,4,3,0,0,13,0,13
E0,12/05/2009,Man City,Chelsea,2,1,H,1,1,D,H Webb,13,10,8,6,12,17,9,6,1,6,0,0,3,79,3
E0,12/05/2009,Portsmouth,Burnley,2,0,H,0,0,D,P Dowd,9,14,4,8,16,14,5,5,4,2,0,0,65,0,65
E0,12/05/2009,West Ham,Man United,0,4,A,0,1,A,P Walton,11,18,7,11,8,16,2,8,0,1,0,0,0,45,45
E0,12/05/2009,Wigan,Birmingham,2,3,A,1,0,H,L Probert,18,10,7,9,14,8,2,2,2,0,0,0,33,61,33
E0,12/05/2009,Wolves,Bolton,2,1,H,1,0,H,C Foy,12,17,11,10,9,16,11,10,2,1,0,0,3,79,3
E0,12/06/2009,Everton,Tottenham,2,2,D,0,0,D,A Marriner,15,19,6,11,11,18,1,6,4,4,0,0,78,47,47
E0,12/06/2009,Fulham,Sunderland,1,0,H,1,0,H,M Dean,16,8,5,5,9,12,4,8,1,2,0,0,37,0,37
E0,12/12/2009,Birmingham,West Ham,1,0,H,0,0,D,L Mason,16,14,9,7,12,13,11,7,3,4,0,1,52,0,52
E0,12/12/2009,Bolton,Man City,3,3,D,2,2,D,M Clattenburg,12,14,8,6,11,9,5,9,3,3,0,1,12,28,12
E0,12/12/2009,Burnley,Fulham,1,1,D,0,0,D,M Jones,10,12,8,6,12,8,7,4,0,2,0,0,60,50,50
E0,12/12/2009,Chelsea,Everton,3,3,D,2,2,D,P Dowd,25,10,13,7,13,17,7,1,0,1,0,0,18,12,12
E0,12/12/2009,Man United,Aston Villa,0,1,A,0,1,A,M Atkinson,16,8,9,5,4,14,9,4,1,1,0,0,0,21,21
E0,12/12/2009,Stoke,Wigan,2,2,D,1,1,D,M Dean,14,11,5,8,19,8,5,3,5,1,0,0,37,15,15
E0,12/12/2009,Sunderland,Portsmouth,1,1,D,1,0,H,S Bennett,16,9,9,6,12,14,9,6,4,3,0,1,23,90,23
E0,12/12/2009,Tottenham,Wolves,0,1,A,0,1,A,S Attwell,18,3,10,3,8,13,1,5,0,5,0,0,0,3,3
E0,13/12/09,Liverpool,Arsenal,1,2,A,1,0,H,H Webb,6,7,3,5,19,16,3,4,3,3,0,0,41,50,41
E0,15/12/09,Birmingham,Blackburn,2,1,H,1,0,H,M Jones,13,8,6,4,8,16,6,7,2,2,0,0,12,69,12
E0,15/12/09,Bolton,West Ham,3,1,H,0,0,D,A Marriner,23,9,12,6,10,7,8,4,4,1,0,0,64,69,64
E0,15/12/09,Man United,Wolves,3,0,H,2,0,H,S Bennett,12,4,9,1,11,11,8,3,1,1,0,0,30,0,30
E0,15/12/09,Sunderland,Aston Villa,0,2,A,0,1,A,K Friend,15,11,5,4,16,14,7,1,2,2,1,0,0,24,24
E0,16/12/09,Burnley,Arsenal,1,1,D,1,1,D,M Dean,8,17,3,9,11,11,3,6,2,0,0,0,28,7,7
E0,16/12/09,Chelsea,Portsmouth,2,1,H,1,0,H,M Clattenburg,21,7,8,3,11,11,11,2,0,0,0,0,23,51,23
E0,16/12/09,Liverpool,Wigan,2,1,H,1,0,H,P Dowd,12,8,7,5,12,11,13,0,1,1,0,0,9,90,9
E0,16/12/09,Tottenham,Man City,3,0,H,1,0,H,A Wiley,19,9,7,5,10,8,5,6,2,3,0,0,37,0,37
E0,19/12/09,Arsenal,Hull,3,0,H,1,0,H,S Bennett,18,6,9,2,9,14,8,0,1,5,0,0,45,0,45
E0,19/12/09,Aston Villa,Stoke,1,0,H,0,0,D,L Probert,17,13,8,5,9,12,3,4,0,1,0,0,61,0,61
E0,19/12/09,Blackburn,Tottenham,0,2,A,0,1,A,P Walton,13,7,9,2,7,6,5,0,0,1,0,0,0,45,45
E0,19/12/09,Fulham,Man United,3,0,H,1,0,H,H Webb,10,16,7,4,10,9,5,2,0,1,0,0,22,0,22
E0,19/12/09,Man City,Sunderland,4,3,H,3,2,H,A Marriner,11,7,5,5,13,8,6,4,2,2,0,1,4,16,4
E0,19/12/09,Portsmouth,Liverpool,2,0,H,1,0,H,L Mason,14,7,6,3,7,12,8,10,3,3,0,1,33,0,33
E0,20/12/09,Everton,Birmingham,1,1,D,1,1,D,S Attwell,19,2,7,1,8,9,6,4,0,3,0,0,5,22,5
E0,20/12/09,West Ham,Chelsea,1,1,D,1,0,H,M Dean,6,20,5,6,17,16,5,5,4,3,0,0,45,61,45
E0,20/12/09,Wolves,Burnley,2,0,H,1,0,H,M Atkinson,12,10,12,6,17,9,5,5,2,1,0,0,15,0,15
E0,26/12/09,Burnley,Bolton,1,1,D,0,1,A,C Foy,15,11,7,5,11,12,8,2,0,0,0,0,56,29,29
E0,26/12/09,Liverpool,Wolves,2,0,H,0,0,D,A Marriner,14,6,10,2,9,10,7,1,0,1,0,1,62,0,62
E0,26/12/09,Man City,Stoke,2,0,H,2,0,H,L Mason,12,7,6,3,13,10,7,6,0,2,0,0,28,0,28
E0,26/12/09,Sunderland,Everton,1,1,D,1,0,H,M Atkinson,10,12,6,4,17,16,4,12,1,3,0,0,17,85,17
E0,26/12/09,West Ham,Portsmouth,2,0,H,1,0,H,L Probert,13,11,5,7,10,19,6,4,0,3,0,0,23,0,23
E0,26/12/09,Wigan,Blackburn,1,1,D,0,1,A,M Clattenburg,14,8,8,3,10,18,6,2,1,4,0,0,53,30,30
E0,27/12/09,Arsenal,Aston Villa,3,0,H,0,0,D,P Dowd,19,7,12,3,14,18,10,4,1,3,0,0,65,0,65
E0,27/12/09,Hull,Man United,1,3,A,0,1,A,A Wiley,12,19,6,11,13,17,5,6,0,2,0,0,59,45,45
E0,28/12/09,Blackburn,Sunderland,2,2,D,0,0,D,M Dean,21,13,11,8,6,20,4,4,1,4,0,0,53,52,52
E0,28/12/09,Chelsea,Fulham,2,1,H,0,1,A,A Marriner,18,3,11,3,9,13,10,6,1,1,0,0,73,4,4
E0,28/12/09,Everton,Burnley,2,0,H,0,0,D,H Webb,24,12,16,9,7,18,10,6,1,5,0,1,83,0,83
E0,28/12/09,Stoke,Birmingham,0,1,A,0,0,D,M Atkinson,12,9,6,5,15,13,10,7,2,3,0,0,0,50,50
E0,28/12/09,Tottenham,West Ham,2,0,H,1,0,H,C Foy,21,3,9,2,9,14,9,3,2,3,0,0,11,0,11
E0,28/12/09,Wolves,Man City,0,3,A,0,1,A,M Jones,11,12,6,5,16,11,8,3,3,2,0,0,0,33,33
E0,29/12/09,Aston Villa,Liverpool,0,1,A,0,0,D,L Probert,11,12,7,9,13,11,8,10,1,1,0,0,0,90,90
E0,29/12/09,Bolton,Hull,2,2,D,1,0,H,P Dowd,16,12,6,7,14,18,8,8,1,2,0,0,20,71,20
E0,30/12/09,Man United,Wigan,5,0,H,3,0,H,L Mason,23,11,16,6,6,11,7,3,0,1,0,0,28,0,28
E0,30/12/09,Portsmouth,Arsenal,1,4,A,0,2,A,A Wiley,10,14,6,10,14,3,2,10,2,0,0,0,74,28,28
E0,01/05/2010,Stoke,Fulham,3,2,H,3,0,H,M Clattenburg,11,14,9,7,13,7,8,10,1,0,0,0,12,61,12
E0,01/09/2010,Arsenal,Everton,2,2,D,1,1,D,P Walton,6,9,5,5,10,11,6,8,1,1,0,0,28,12,12
E0,01/09/2010,Birmingham,Man United,1,1,D,1,0,H,M Clattenburg,6,14,5,10,10,13,2,12,2,1,0,1,39,63,39
E0,01/11/2010,Man City,Blackburn,4,1,H,2,0,H,C Foy,12,8,6,3,6,10,4,3,1,1,0,0,7,71,7
E0,16/01/10,Chelsea,Sunderland,7,2,H,4,0,H,C Foy,23,7,13,3,4,10,15,1,0,1,0,0,8,56,8
E0,16/01/10,Everton,Man City,2,0,H,2,0,H,A Marriner,13,8,6,4,14,14,11,3,0,0,0,0,36,0,36
E0,16/01/10,Man United,Burnley,3,0,H,0,0,D,L Probert,24,11,11,5,12,7,7,1,0,0,0,0,64,0,64
E0,16/01/10,Stoke,Liverpool,1,1,D,0,0,D,L Mason,6,4,5,3,14,10,10,0,1,2,0,0,90,57,57
E0,16/01/10,Wolves,Wigan,0,2,A,0,0,D,H Webb,9,20,4,14,14,16,4,3,4,3,1,1,0,60,60
E0,17/01/10,Blackburn,Fulham,2,0,H,1,0,H,K Friend,11,14,7,9,14,9,3,6,1,3,0,0,25,0,25
E0,17/01/10,Bolton,Arsenal,0,2,A,0,1,A,P Dowd,12,14,6,9,13,5,2,4,1,2,0,0,0,28,28
E0,20/01/10,Arsenal,Bolton,4,2,H,1,2,A,A Wiley,20,7,14,4,16,17,9,3,1,2,0,0,43,7,7
E0,20/01/10,Liverpool,Tottenham,2,0,H,1,0,H,H Webb,13,7,5,5,11,17,2,3,2,3,0,0,5,0,5
E0,23/01/10,Man United,Hull,4,0,H,1,0,H,S Bennett,25,8,15,4,6,10,12,8,1,1,0,0,8,0,8
E0,26/01/10,Bolton,Burnley,1,0,H,1,0,H,M Atkinson,14,10,6,5,12,11,4,7,3,2,0,0,35,0,35
E0,26/01/10,Portsmouth,West Ham,1,1,D,0,0,D,A Marriner,14,12,8,4,16,9,6,4,3,1,0,0,76,52,52
E0,26/01/10,Tottenham,Fulham,2,0,H,1,0,H,M Dean,13,9,7,6,11,16,11,3,1,1,0,0,27,0,27
E0,27/01/10,Blackburn,Wigan,2,1,H,1,0,H,L Mason,13,13,7,8,20,13,5,6,3,1,0,0,20,58,20
E0,27/01/10,Chelsea,Birmingham,3,0,H,2,0,H,S Bennett,25,5,17,3,11,8,8,3,0,0,0,0,5,0,5
E0,27/01/10,Everton,Sunderland,2,0,H,2,0,H,P Dowd,11,5,7,3,10,19,3,8,0,1,0,0,7,0,7
E0,30/01/10,Birmingham,Tottenham,1,1,D,0,0,D,S Attwell,12,21,6,12,12,8,5,8,4,2,0,0,90,69,69
E0,30/01/10,Burnley,Chelsea,1,2,A,0,1,A,P Dowd,5,16,3,9,12,12,2,9,1,1,0,0,50,27,27
E0,30/01/10,Fulham,Aston Villa,0,2,A,0,2,A,L Mason,15,9,8,6,10,15,9,3,0,2,0,0,0,40,40
E0,30/01/10,Hull,Wolves,2,2,D,1,0,H,M Dean,8,13,4,4,15,10,4,7,2,0,0,0,11,49,11
E0,30/01/10,Liverpool,Bolton,2,0,H,1,0,H,S Bennett,13,4,6,1,12,10,11,3,1,3,0,0,37,0,37
E0,30/01/10,Wigan,Everton,0,1,A,0,0,D,L Probert,10,10,4,7,19,10,4,7,0,2,0,0,0,84,84
E0,31/01/10,Arsenal,Man United,1,3,A,0,2,A,C Foy,18,11,7,5,9,12,8,5,1,0,0,0,80,33,33
E0,31/01/10,Man City,Portsmouth,2,0,H,2,0,H,M Atkinson,13,10,6,4,9,14,10,7,1,3,0,0,40,0,40
E0,02/02/2010,Hull,Chelsea,1,1,D,1,1,D,M Clattenburg,7,21,3,11,9,12,6,8,1,3,0,0,30,42,30
E0,02/03/2010,Fulham,Portsmouth,1,0,H,0,0,D,A Taylor,14,12,9,8,12,12,5,5,0,1,0,0,74,0,74
E0,02/06/2010,Burnley,West Ham,2,1,H,1,0,H,H Webb,8,20,4,11,15,13,3,5,2,1,0,0,14,81,14
E0,02/06/2010,Hull,Man City,2,1,H,1,0,H,P Dowd,8,17,4,11,14,14,4,8,2,4,0,0,31,59,31
E0,02/06/2010,Liverpool,Everton,1,0,H,0,0,D,M Atkinson,9,6,4,3,11,23,8,8,3,3,1,1,55,0,55
E0,02/06/2010,Man United,Portsmouth,5,0,H,2,0,H,L Mason,21,7,8,5,9,11,12,1,1,4,0,0,40,0,40
E0,02/06/2010,Stoke,Blackburn,3,0,H,2,0,H,S Bennett,15,9,11,4,13,20,12,7,2,3,0,1,8,0,8
E0,02/06/2010,Sunderland,Wigan,1,1,D,0,1,A,S Attwell,11,14,8,6,12,14,2,3,4,5,0,0,64,20,20
E0,02/07/2010,Birmingham,Wolves,2,1,H,0,1,A,L Probert,15,12,10,5,12,18,11,4,5,3,0,0,80,42,42
E0,02/07/2010,Chelsea,Arsenal,2,0,H,2,0,H,M Dean,9,14,3,6,11,14,4,8,2,2,0,0,8,0,8
E0,02/09/2010,Fulham,Burnley,3,0,H,2,0,H,C Foy,16,10,12,3,9,9,6,2,1,0,0,0,23,0,23
E0,02/09/2010,Man City,Bolton,2,0,H,1,0,H,M Jones,8,11,4,5,8,18,6,3,0,2,0,0,31,0,31
E0,02/09/2010,Portsmouth,Sunderland,1,1,D,0,1,A,K Friend,12,7,6,2,10,15,8,4,3,1,1,2,90,12,12
E0,02/09/2010,Wigan,Stoke,1,1,D,1,0,H,A Marriner,16,10,11,6,12,7,9,5,2,3,0,0,14,74,14
E0,02/10/2010,Arsenal,Liverpool,1,0,H,0,0,D,H Webb,11,9,6,7,19,13,3,6,3,2,0,0,72,0,72
E0,02/10/2010,Aston Villa,Man United,1,1,D,1,1,D,P Walton,10,12,6,6,9,10,1,7,0,1,0,1,19,23,19
E0,02/10/2010,Blackburn,Hull,1,0,H,1,0,H,L Probert,20,7,10,4,14,13,6,6,1,3,0,1,16,0,16
E0,02/10/2010,Everton,Chelsea,2,1,H,1,1,D,A Wiley,7,14,5,5,13,15,5,6,1,2,0,0,33,17,17
E0,02/10/2010,West Ham,Birmingham,2,0,H,1,0,H,M Dean,13,9,10,4,12,9,3,6,1,2,0,0,45,0,45
E0,02/10/2010,Wolves,Tottenham,1,0,H,1,0,H,M Clattenburg,8,10,4,4,15,10,5,7,2,1,0,0,27,0,27
E0,16/02/10,Stoke,Man City,1,1,D,0,0,D,A Wiley,8,9,5,3,21,14,3,3,3,3,1,0,72,85,72
E0,20/02/10,Arsenal,Sunderland,2,0,H,1,0,H,S Bennett,16,6,10,4,8,10,7,1,1,5,0,0,27,0,27
E0,20/02/10,Everton,Man United,3,1,H,1,1,D,H Webb,11,11,7,5,12,10,4,12,5,1,0,0,19,16,16
E0,20/02/10,Portsmouth,Stoke,1,2,A,1,0,H,M Dean,15,14,12,7,10,10,7,7,2,1,0,1,35,50,35
E0,20/02/10,West Ham,Hull,3,0,H,1,0,H,M Atkinson,20,7,12,3,13,12,9,2,1,1,0,1,3,0,3
E0,20/02/10,Wolves,Chelsea,0,2,A,0,1,A,K Friend,11,7,7,2,12,14,1,5,0,1,0,0,0,40,40
E0,21/02/10,Aston Villa,Burnley,5,2,H,1,1,D,S Attwell,15,13,8,10,5,12,9,5,0,3,0,0,32,10,10
E0,21/02/10,Blackburn,Bolton,3,0,H,1,0,H,C Foy,12,10,7,7,15,12,8,3,0,1,0,0,41,0,41
E0,21/02/10,Fulham,Birmingham,2,1,H,0,1,A,P Dowd,11,9,6,6,9,16,3,1,1,1,0,0,59,3,3
E0,21/02/10,Wigan,Tottenham,0,3,A,0,1,A,A Wiley,8,13,7,12,17,13,3,2,3,4,0,0,0,27,27
E0,23/02/10,Man United,West Ham,3,0,H,1,0,H,A Wiley,12,10,9,4,10,12,6,7,0,1,0,0,38,0,38
E0,27/02/10,Birmingham,Wigan,1,0,H,1,0,H,A Taylor,10,11,5,2,16,18,2,7,1,3,0,0,45,0,45
E0,27/02/10,Bolton,Wolves,1,0,H,1,0,H,A Marriner,16,6,9,4,10,6,7,11,0,2,0,0,45,0,45
E0,27/02/10,Burnley,Portsmouth,1,2,A,1,1,D,M Clattenburg,14,13,8,5,12,13,4,3,1,2,0,1,31,25,25
E0,27/02/10,Chelsea,Man City,2,4,A,1,1,D,M Dean,23,8,13,6,21,12,3,2,3,1,2,0,42,45,42
E0,27/02/10,Stoke,Arsenal,1,3,A,1,1,D,P Walton,4,17,3,11,12,7,3,6,0,1,1,0,8,32,8
E0,28/02/10,Liverpool,Blackburn,2,1,H,2,1,H,A Wiley,12,12,6,7,10,22,4,5,1,5,0,0,20,40,20
E0,28/02/10,Tottenham,Everton,2,1,H,2,0,H,S Bennett,13,14,9,10,9,18,6,9,1,4,0,0,11,55,11
E0,03/06/2010,Arsenal,Burnley,3,1,H,1,0,H,C Foy,20,8,11,5,5,12,8,2,0,4,0,0,34,50,34
E0,03/06/2010,West Ham,Bolton,1,2,A,0,2,A,L Probert,18,15,8,7,13,21,6,3,2,5,0,1,88,10,10
E0,03/06/2010,Wolves,Man United,0,1,A,0,0,D,P Walton,12,15,6,6,9,8,2,4,2,1,0,0,0,73,73
E0,03/07/2010,Everton,Hull,5,1,H,2,1,H,L Mason,18,7,10,4,12,21,4,1,0,1,0,0,17,32,17
E0,03/08/2010,Wigan,Liverpool,1,0,H,1,0,H,A Marriner,12,11,4,3,15,14,4,7,1,5,0,0,35,0,35
E0,03/09/2010,Portsmouth,Birmingham,1,2,A,0,2,A,M Jones,11,10,8,6,12,13,5,6,1,2,0,0,90,16,16
E0,03/09/2010,Sunderland,Bolton,4,0,H,1,0,H,S Bennett,12,7,7,2,14,10,2,7,2,2,0,1,1,0,1
E0,03/10/2010,Burnley,Stoke,1,1,D,0,1,A,H Webb,10,8,3,3,12,10,4,4,2,0,0,0,52,23,23
E0,13/03/10,Birmingham,Everton,2,2,D,1,2,A,L Probert,7,13,4,11,10,11,5,4,1,1,0,0,26,19,19
E0,13/03/10,Bolton,Wigan,4,0,H,1,0,H,M Dean,8,13,6,7,20,13,3,6,1,2,0,0,10,0,10
E0,13/03/10,Burnley,Wolves,1,2,A,0,1,A,S Bennett,22,7,11,3,10,21,11,6,1,4,0,0,73,26,26
E0,13/03/10,Chelsea,West Ham,4,1,H,1,1,D,M Clattenburg,22,4,15,2,13,10,11,1,0,1,0,0,16,30,16
E0,13/03/10,Hull,Arsenal,1,2,A,1,1,D,A Marriner,7,18,2,9,16,13,2,8,2,2,1,0,28,14,14
E0,13/03/10,Tottenham,Blackburn,3,1,H,1,0,H,H Webb,14,10,7,7,12,7,5,6,0,0,0,0,45,80,45
E0,14/03/10,Man United,Fulham,3,0,H,0,0,D,M Jones,33,8,19,5,7,11,11,1,1,1,0,0,46,0,46
E0,14/03/10,Sunderland,Man City,1,1,D,1,0,H,C Foy,12,13,7,9,12,10,3,7,2,4,0,0,9,90,9
E0,15/03/10,Liverpool,Portsmouth,4,1,H,3,0,H,S Attwell,23,7,12,3,10,15,8,4,0,2,0,0,26,88,26
E0,16/03/10,Wigan,Aston Villa,1,2,A,1,1,D,S Bennett,10,18,6,10,10,14,7,8,2,1,0,0,27,25,25
E0,20/03/10,Arsenal,West Ham,2,0,H,1,0,H,M Atkinson,9,8,5,4,7,24,4,2,1,4,1,0,5,0,5
E0,20/03/10,Aston Villa,Wolves,2,2,D,1,2,A,M Clattenburg,11,7,3,4,10,12,7,5,1,2,0,0,16,23,16
E0,20/03/10,Everton,Bolton,2,0,H,0,0,D,A Wiley,18,6,11,4,12,17,6,3,1,1,0,1,72,0,72
E0,20/03/10,Portsmouth,Hull,3,2,H,1,1,D,P Dowd,18,9,10,5,7,8,11,1,1,0,0,0,37,27,27
E0,20/03/10,Stoke,Tottenham,1,2,A,0,0,D,M Dean,8,16,4,9,7,9,6,7,2,2,1,0,64,46,46
E0,20/03/10,Sunderland,Birmingham,3,1,H,2,0,H,P Walton,11,21,9,14,8,8,7,10,0,1,0,0,5,60,5
E0,20/03/10,Wigan,Burnley,1,0,H,0,0,D,M Jones,21,13,11,8,10,15,5,3,1,3,0,0,90,0,90
E0,21/03/10,Blackburn,Chelsea,1,1,D,0,1,A,S Bennett,8,14,4,8,10,9,3,11,0,1,0,0,70,6,6
E0,21/03/10,Fulham,Man City,1,2,A,0,2,A,L Probert,10,14,4,9,8,9,4,2,0,0,0,0,75,7,7
E0,21/03/10,Man United,Liverpool,2,1,H,1,1,D,H Webb,10,4,5,2,10,15,1,2,2,3,0,0,12,5,5
E0,23/03/10,West Ham,Wolves,1,3,A,0,1,A,P Dowd,17,5,10,4,9,24,8,5,0,2,0,0,90,28,28
E0,24/03/10,Aston Villa,Sunderland,1,1,D,1,1,D,M Dean,11,10,4,5,5,7,6,7,0,0,0,0,30,22,22
E0,24/03/10,Blackburn,Birmingham,2,1,H,1,0,H,M Clattenburg,9,8,7,5,18,10,5,6,2,1,0,0,5,55,5
E0,24/03/10,Man City,Everton,0,2,A,0,1,A,P Walton,12,10,5,7,11,10,7,4,3,2,0,0,0,33,33
E0,24/03/10,Portsmouth,Chelsea,0,5,A,0,1,A,L Mason,10,20,6,11,11,11,1,6,3,2,0,0,0,32,32
E0,27/03/10,Birmingham,Arsenal,1,1,D,0,0,D,H Webb,7,13,3,8,13,13,3,6,3,2,0,0,90,81,81
E0,27/03/10,Bolton,Man United,0,4,A,0,1,A,M Atkinson,14,13,10,8,14,15,11,6,0,0,0,0,0,38,38
E0,27/03/10,Chelsea,Aston Villa,7,1,H,2,1,H,P Walton,13,7,11,5,12,5,8,6,3,2,0,0,15,29,15
E0,27/03/10,Hull,Fulham,2,0,H,1,0,H,C Foy,7,12,4,9,11,15,6,8,2,4,0,0,16,0,16
E0,27/03/10,Tottenham,Portsmouth,2,0,H,2,0,H,K Friend,16,8,8,3,5,9,11,2,0,1,0,0,27,0,27
E0,27/03/10,West Ham,Stoke,0,1,A,0,0,D,A Marriner,17,12,7,7,14,17,6,7,0,2,0,0,0,69,69
E0,28/03/10,Burnley,Blackburn,0,1,A,0,1,A,M Dean,7,12,3,5,15,12,7,2,3,2,0,0,0,20,20
E0,28/03/10,Liverpool,Sunderland,3,0,H,2,0,H,P Dowd,25,7,16,2,11,9,9,2,0,1,0,0,3,0,3
E0,29/03/10,Man City,Wigan,3,0,H,0,0,D,S Attwell,10,9,8,3,12,13,3,4,3,2,0,1,72,0,72
E0,04/03/2010,Arsenal,Wolves,1,0,H,0,0,D,A Marriner,23,3,13,2,10,13,10,4,0,2,0,1,90,0,90
E0,04/03/2010,Bolton,Aston Villa,0,1,A,0,1,A,M Jones,14,13,10,9,13,14,6,8,2,0,0,0,0,11,11
E0,04/03/2010,Burnley,Man City,1,6,A,0,5,A,A Wiley,14,20,7,14,5,8,6,7,0,0,0,0,71,4,4
E0,04/03/2010,Man United,Chelsea,1,2,A,0,1,A,M Dean,9,11,3,5,14,11,3,3,3,1,0,0,81,20,20
E0,04/03/2010,Stoke,Hull,2,0,H,1,0,H,L Probert,9,5,3,3,12,12,3,2,3,2,0,0,6,0,6
E0,04/03/2010,Sunderland,Tottenham,3,1,H,2,0,H,L Mason,11,12,10,9,16,15,6,6,2,0,0,0,1,72,1
E0,04/04/2010,Birmingham,Liverpool,1,1,D,0,0,D,M Atkinson,8,16,3,8,14,9,5,4,2,1,0,0,56,47,47
E0,04/04/2010,Everton,West Ham,2,2,D,1,0,H,H Webb,10,10,5,5,7,17,2,8,2,3,0,0,24,60,24
E0,04/04/2010,Fulham,Wigan,2,1,H,0,1,A,M Clattenburg,7,12,5,7,11,10,6,3,1,2,0,0,47,34,34
E0,04/10/2010,Hull,Burnley,1,4,A,1,1,D,M Atkinson,11,9,4,7,19,14,6,1,5,1,0,0,3,35,3
E0,04/10/2010,West Ham,Sunderland,1,0,H,0,0,D,M Jones,10,9,6,7,12,20,2,7,1,3,0,0,51,0,51
E0,04/11/2010,Man City,Birmingham,5,1,H,3,1,H,P Dowd,17,5,8,3,12,9,8,4,0,3,0,0,38,42,38
E0,13/04/10,Chelsea,Bolton,1,0,H,1,0,H,L Probert,18,7,8,2,13,22,5,2,1,4,0,0,43,0,43
E0,14/04/10,Aston Villa,Everton,2,2,D,0,1,A,M Atkinson,10,13,7,10,11,9,7,6,2,2,0,0,72,23,23
E0,14/04/10,Tottenham,Arsenal,2,1,H,1,0,H,M Clattenburg,13,19,10,11,13,10,4,6,3,1,0,0,10,85,10
E0,17/04/10,Blackburn,Everton,2,3,A,0,1,A,A Marriner,15,11,10,4,15,10,4,2,3,2,0,0,69,4,4
E0,17/04/10,Man City,Man United,0,1,A,0,0,D,M Atkinson,8,13,5,3,8,12,7,5,2,1,0,0,0,90,90
E0,17/04/10,Stoke,Bolton,1,2,A,1,0,H,S Attwell,11,13,5,8,10,5,5,1,1,2,0,0,13,85,13
E0,17/04/10,Sunderland,Burnley,2,1,H,2,0,H,H Webb,16,9,11,4,14,17,3,3,3,2,0,0,25,82,25
E0,17/04/10,Tottenham,Chelsea,2,1,H,2,0,H,P Dowd,20,9,10,6,7,14,13,4,2,4,0,1,15,90,15
E0,18/04/10,Portsmouth,Aston Villa,1,2,A,1,1,D,L Probert,16,12,12,9,5,10,7,6,0,0,0,0,10,16,10
E0,18/04/10,Wigan,Arsenal,3,2,H,0,1,A,L Mason,16,11,11,8,15,13,8,3,2,1,0,0,80,41,41
E0,19/04/10,Liverpool,West Ham,3,0,H,2,0,H,P Walton,17,6,8,2,8,12,9,2,0,2,0,0,19,0,19
E0,21/04/10,Hull,Aston Villa,0,2,A,0,1,A,M Dean,14,11,10,5,8,7,11,9,2,2,0,0,0,13,13
E0,24/04/10,Bolton,Portsmouth,2,2,D,2,0,H,H Webb,14,13,10,6,16,13,12,5,1,1,0,0,26,54,26
E0,24/04/10,Hull,Sunderland,0,1,A,0,1,A,L Probert,14,10,8,5,12,17,3,6,1,3,1,1,0,7,7
E0,24/04/10,Man United,Tottenham,3,1,H,0,0,D,A Marriner,15,9,8,3,13,10,4,4,1,0,0,0,58,70,58
E0,24/04/10,West Ham,Wigan,3,2,H,2,1,H,A Wiley,9,12,7,10,9,10,4,5,1,2,0,0,31,4,4
E0,24/04/10,Wolves,Blackburn,1,1,D,0,1,A,M Clattenburg,14,12,5,8,9,8,4,4,0,1,0,0,81,28,28
E0,25/04/10,Aston Villa,Birmingham,1,0,H,0,0,D,M Atkinson,10,16,6,14,12,16,7,5,1,4,0,0,83,0,83
E0,25/04/10,Burnley,Liverpool,0,4,A,0,0,D,P Dowd,12,12,6,10,13,11,4,5,2,1,0,0,0,52,52
E0,25/04/10,Chelsea,Stoke,7,0,H,3,0,H,S Bennett,29,3,18,2,14,12,7,0,0,3,0,0,24,0,24
E0,25/04/10,Everton,Fulham,2,1,H,0,1,A,L Mason,15,8,9,6,7,12,9,3,0,1,0,0,49,36,36
E0,05/01/2010,Birmingham,Burnley,2,1,H,2,0,H,P Walton,13,12,4,7,11,10,6,8,2,1,0,0,29,87,29
E0,05/01/2010,Man City,Aston Villa,3,1,H,2,1,H,M Clattenburg,17,10,12,6,6,9,13,5,1,2,0,0,41,16,16
E0,05/01/2010,Portsmouth,Wolves,3,1,H,2,1,H,M Jones,12,18,8,11,10,13,7,9,0,1,0,0,20,35,20
E0,05/01/2010,Tottenham,Bolton,1,0,H,1,0,H,C Foy,25,11,12,7,11,10,11,7,0,3,0,0,38,0,38
E0,05/02/2010,Fulham,West Ham,3,2,H,1,0,H,A Marriner,5,7,3,5,10,14,9,3,0,0,0,0,45,61,45
E0,05/02/2010,Liverpool,Chelsea,0,2,A,0,1,A,A Wiley,7,15,2,11,7,7,9,5,1,2,0,0,0,33,33
E0,05/02/2010,Sunderland,Man United,0,1,A,0,1,A,S Bennett,10,14,2,9,10,9,9,4,3,2,0,0,0,28,28
E0,05/03/2010,Blackburn,Arsenal,2,1,H,1,1,D,M Atkinson,11,6,7,4,19,15,5,8,2,2,0,0,44,13,13
E0,05/03/2010,Wigan,Hull,2,2,D,1,1,D,P Dowd,13,6,7,3,11,14,8,1,2,0,0,0,30,42,30
E0,05/05/2010,Fulham,Stoke,0,1,A,0,0,D,P Walton,12,5,6,2,7,6,8,3,1,3,0,0,0,83,83
E0,05/05/2010,Man City,Tottenham,0,1,A,0,0,D,S Bennett,10,10,5,6,12,14,9,7,0,3,0,0,0,82,82
E0,05/09/2010,Arsenal,Fulham,4,0,H,3,0,H,M Jones,16,5,11,2,11,10,5,2,2,2,0,0,21,0,21
E0,05/09/2010,Aston Villa,Blackburn,0,1,A,0,0,D,S Bennett,16,9,12,3,14,12,11,5,2,1,0,0,0,84,84
E0,05/09/2010,Bolton,Birmingham,2,1,H,1,0,H,K Friend,14,10,8,5,14,17,3,6,2,5,0,0,33,77,33
E0,05/09/2010,Burnley,Tottenham,4,2,H,1,2,A,M Dean,16,16,12,11,9,8,5,6,0,0,0,0,42,3,3
E0,05/09/2010,Chelsea,Wigan,8,0,H,2,0,H,M Atkinson,17,4,10,3,14,9,2,3,2,2,0,1,6,0,6
E0,05/09/2010,Everton,Portsmouth,1,0,H,0,0,D,P Walton,21,10,13,4,12,11,14,1,0,0,0,0,90,0,90
E0,05/09/2010,Man United,Stoke,4,0,H,2,0,H,M Clattenburg,18,4,13,4,10,4,10,2,2,0,0,0,31,0,31
E0,05/09/2010,West Ham,Man City,1,1,D,1,1,D,H Webb,12,17,8,6,12,7,4,3,2,0,0,0,17,21,17
E0,05/09/2010,Wolves,Sunderland,2,1,H,1,1,D,L Mason,14,11,7,5,11,19,4,1,1,2,0,2,10,8,8
